timestamp,distance_from_source_km,water_level_cm,lower_bound_cm,upper_bound_cm
2026-04-08 00:00:00,0.0,665.0682642682932,478.3144675212419,824.6241316215219
2026-04-08 00:00:00,13.333333333333334,636.646543573067,457.8736783109324,789.3837841163287
2026-04-08 00:00:00,26.666666666666668,608.2248228778408,437.4328891006229,754.1434366111354
2026-04-08 00:00:00,40.0,579.8031021826146,416.9920998903134,718.9030891059422
2026-04-08 00:00:00,53.333333333333336,551.3813814873885,396.551310680004,683.662741600749
2026-04-08 00:00:00,66.66666666666667,522.9596607921621,376.11052146969445,648.4223940955557
2026-04-08 00:00:00,80.0,494.537940096936,355.669732259385,613.1820465903625
2026-04-08 00:00:00,93.33333333333334,466.11621940170977,335.22894304907555,577.9416990851693
2026-04-08 00:00:00,106.66666666666667,437.69449870648356,314.78815383876605,542.701351579976
2026-04-08 00:00:00,120.0,409.27277801125734,294.34736462845655,507.46100407478275
2026-04-08 01:00:00,0.0,673.8170965185416,498.2022052567852,855.9888148341171
2026-04-08 01:00:00,13.333333333333334,645.0214941032193,476.9115127244439,819.4080962514626
2026-04-08 01:00:00,26.666666666666668,616.225891687897,455.62082019210266,782.8273776688079
2026-04-08 01:00:00,40.0,587.4302892725747,434.3301276597614,746.2466590861534
2026-04-08 01:00:00,53.333333333333336,558.6346868572525,413.03943512742023,709.6659405034989
2026-04-08 01:00:00,66.66666666666667,529.8390844419301,391.7487425950789,673.0852219208442
2026-04-08 01:00:00,80.0,501.0434820266079,370.4580500627377,636.5045033381897
2026-04-08 01:00:00,93.33333333333334,472.2478796112856,349.1673575303965,599.9237847555352
2026-04-08 01:00:00,106.66666666666667,443.4522771959633,327.8766649980552,563.3430661728805
2026-04-08 01:00:00,120.0,414.65667478064097,306.58597246571395,526.7623475902259
2026-04-08 02:00:00,0.0,682.463273922528,514.3433659386253,864.2474392788064
2026-04-08 02:00:00,13.333333333333334,653.2981767463516,492.36288021475247,827.3137880275752
2026-04-08 02:00:00,26.666666666666668,624.1330795701751,470.38239449087956,790.3801367763442
2026-04-08 02:00:00,40.0,594.9679823939987,448.4019087670067,753.4464855251132
2026-04-08 02:00:00,53.333333333333336,565.8028852178224,426.42142304313387,716.5128342738823
2026-04-08 02:00:00,66.66666666666667,536.6377880416459,404.4409373192609,679.579183022651
2026-04-08 02:00:00,80.0,507.4726908654696,382.4604515953881,642.6455317714201
2026-04-08 02:00:00,93.33333333333334,478.3075936892931,360.4799658715152,605.7118805201891
2026-04-08 02:00:00,106.66666666666667,449.1424965131167,338.4994801476423,568.7782292689581
2026-04-08 02:00:00,120.0,419.9773993369403,316.51899442376947,531.844578017727
2026-04-08 03:00:00,0.0,690.9931479199483,525.0253096234683,858.4489805984427
2026-04-08 03:00:00,13.333333333333334,661.4635262139676,502.58833057973027,821.7631267267144
2026-04-08 03:00:00,26.666666666666668,631.933904507987,480.1513515359923,785.0772728549861
2026-04-08 03:00:00,40.0,602.4042828020063,457.71437249225437,748.3914189832577
2026-04-08 03:00:00,53.333333333333336,572.8746610960256,435.2773934485165,711.7055651115296
2026-04-08 03:00:00,66.66666666666667,543.3450393900448,412.8404144047784,675.019711239801
2026-04-08 03:00:00,80.0,513.8154176840642,390.4034353610405,638.3338573680729
2026-04-08 03:00:00,93.33333333333334,484.2857959780835,367.9664563173026,601.6480034963446
2026-04-08 03:00:00,106.66666666666667,454.7561742721028,345.52947727356457,564.9621496246162
2026-04-08 03:00:00,120.0,425.2265525661221,323.0924982298266,528.2762957528879
2026-04-08 04:00:00,0.0,699.3922466070377,510.99835574244355,868.3900872316624
2026-04-08 04:00:00,13.333333333333334,669.5036890597283,489.1608191722537,831.2793997431298
2026-04-08 04:00:00,26.666666666666668,639.6151315124191,467.3232826020638,794.1687122545973
2026-04-08 04:00:00,40.0,609.7265739651098,445.4857460318739,757.0580247660646
2026-04-08 04:00:00,53.333333333333336,579.8380164178005,423.648209461684,719.9473372775321
2026-04-08 04:00:00,66.66666666666667,549.9494588704911,401.81067289149405,682.8366497889995
2026-04-08 04:00:00,80.0,520.060901323182,379.97313632130425,645.725962300467
2026-04-08 04:00:00,93.33333333333334,490.1723437758726,358.13559975111434,608.6152748119343
2026-04-08 04:00:00,106.66666666666667,460.2837862285633,336.29806318092443,571.5045873234018
2026-04-08 04:00:00,120.0,430.39522868125397,314.4605266107345,534.3938998348692
2026-04-08 05:00:00,0.0,707.6453666691615,522.0697952028912,889.996836903487
2026-04-08 05:00:00,13.333333333333334,677.4041116832999,499.75912019422066,851.9627840443636
2026-04-08 05:00:00,26.666666666666668,647.1628566974382,477.44844518555004,813.9287311852402
2026-04-08 05:00:00,40.0,616.9216017115766,455.1377701768795,775.8946783261168
2026-04-08 05:00:00,53.333333333333336,586.6803467257151,432.827095168209,737.8606254669935
2026-04-08 05:00:00,66.66666666666667,556.4390917398534,410.5164201595383,699.82657260787
2026-04-08 05:00:00,80.0,526.197836753992,388.20574515086787,661.7925197487468
2026-04-08 05:00:00,93.33333333333334,495.9565817681303,365.89507014219726,623.7584668896234
2026-04-08 05:00:00,106.66666666666667,465.7153267822687,343.5843951335267,585.7244140305
2026-04-08 05:00:00,120.0,435.4740717964071,321.27372012485614,547.6903611713766
2026-04-08 06:00:00,0.0,715.7366750583461,541.5718325017889,893.514652492726
2026-04-08 06:00:00,13.333333333333334,685.1496376626903,518.4277370957295,855.3302656340625
2026-04-08 06:00:00,26.666666666666668,654.5626002670344,495.28364168967016,817.145878775399
2026-04-08 06:00:00,40.0,623.9755628713787,472.1395462836108,778.9614919167354
2026-04-08 06:00:00,53.333333333333336,593.3885254757229,448.99545087755155,740.777105058072
2026-04-08 06:00:00,66.66666666666667,562.801488080067,425.85135547149207,702.5927181994084
2026-04-08 06:00:00,80.0,532.2144506844113,402.7072600654328,664.408331340745
2026-04-08 06:00:00,93.33333333333334,501.6274132887554,379.56316465937346,626.2239444820815
2026-04-08 06:00:00,106.66666666666667,471.0403758930996,356.4190692533141,588.039557623418
2026-04-08 06:00:00,120.0,440.4533384974438,333.2749738472547,549.8551707647545
2026-04-08 07:00:00,0.0,723.6498193389447,526.8624991983232,898.6868070545997
2026-04-08 07:00:00,13.333333333333334,692.7246133842889,504.3470077795914,860.2813879497023
2026-04-08 07:00:00,26.666666666666668,661.7994074296331,481.83151636085967,821.8759688448049
2026-04-08 07:00:00,40.0,630.8742014749774,459.31602494212785,783.4705497399075
2026-04-08 07:00:00,53.333333333333336,599.9489955203218,436.8005335233962,745.0651306350102
2026-04-08 07:00:00,66.66666666666667,569.0237895656659,414.28504210466434,706.6597115301125
2026-04-08 07:00:00,80.0,538.0985836110102,391.76955068593264,668.2542924252152
2026-04-08 07:00:00,93.33333333333334,507.17337765635443,369.2540592672009,629.8488733203178
2026-04-08 07:00:00,106.66666666666667,476.24817170169865,346.73856784846913,591.4434542154204
2026-04-08 07:00:00,120.0,445.3229657470429,324.2230764297374,553.038035110523
2026-04-08 08:00:00,0.0,731.3680455801107,557.1516208920926,928.2699625516428
2026-04-08 08:00:00,13.333333333333334,700.1130008972,533.3417225633707,888.6003060323418
2026-04-08 08:00:00,26.666666666666668,668.8579562142893,509.5318242346488,848.9306495130409
2026-04-08 08:00:00,40.0,637.6029115313785,485.7219259059269,809.2609929937398
2026-04-08 08:00:00,53.333333333333336,606.3478668484679,461.9120275772051,769.591336474439
2026-04-08 08:00:00,66.66666666666667,575.0928221655571,438.1021292484831,729.9216799551378
2026-04-08 08:00:00,80.0,543.8377774826464,414.29223091976127,690.252023435837
2026-04-08 08:00:00,93.33333333333334,512.5827327997357,390.4823325910393,650.582366916536
2026-04-08 08:00:00,106.66666666666667,481.327688116825,366.67243426231744,610.9127103972351
2026-04-08 08:00:00,120.0,450.07264343391427,342.8625359335955,571.243053877934
2026-04-08 09:00:00,0.0,738.8743225385942,565.7901272227763,903.2989017863623
2026-04-08 09:00:00,13.333333333333334,707.2984967890816,541.6110619568457,864.6963846160049
2026-04-08 09:00:00,26.666666666666668,675.722671039569,517.4319966909151,826.0938674456476
2026-04-08 09:00:00,40.0,644.1468452900565,493.2529314249844,787.4913502752902
2026-04-08 09:00:00,53.333333333333336,612.571019540544,469.0738661590539,748.8888331049329
2026-04-08 09:00:00,66.66666666666667,580.9951937910313,444.8948008931232,710.2863159345753
2026-04-08 09:00:00,80.0,549.4193680415189,420.71573562719266,671.6837987642182
2026-04-08 09:00:00,93.33333333333334,517.8435422920062,396.53667036126205,633.0812815938608
2026-04-08 09:00:00,106.66666666666667,486.26771654249364,372.3576050953314,594.4787644235034
2026-04-08 09:00:00,120.0,454.69189079298104,348.1785398294008,555.8762472531461
2026-04-08 10:00:00,0.0,746.1514708061588,568.7974220993243,933.9477593966918
2026-04-08 10:00:00,13.333333333333334,714.2646558144427,544.4898399583275,894.0354619865768
2026-04-08 10:00:00,26.666666666666668,682.3778408227265,520.1822578173307,854.1231645764617
2026-04-08 10:00:00,40.0,650.4910258310102,495.87467567633394,814.2108671663467
2026-04-08 10:00:00,53.333333333333336,618.6042108392942,471.5670935353373,774.2985697562318
2026-04-08 10:00:00,66.66666666666667,586.7173958475778,447.2595113943404,734.3862723461166
2026-04-08 10:00:00,80.0,554.8305808558617,422.95192925334374,694.4739749360017
2026-04-08 10:00:00,93.33333333333334,522.9437658641456,398.64434711234696,654.5616775258866
2026-04-08 10:00:00,106.66666666666667,491.05695087242935,374.3367649713502,614.6493801157716
2026-04-08 10:00:00,120.0,459.17013588071313,350.0291828303534,574.7370827056565
2026-04-08 11:00:00,0.0,753.1822955698518,579.475329685912,921.7595338200271
2026-04-08 11:00:00,13.333333333333334,720.9950179813966,554.7114267078816,882.3681007507951
2026-04-08 11:00:00,26.666666666666668,688.8077403929414,529.9475237298511,842.9766676815632
2026-04-08 11:00:00,40.0,656.6204628044862,505.18362075182074,803.5852346123312
2026-04-08 11:00:00,53.333333333333336,624.4331852160311,480.4197177737904,764.1938015430994
2026-04-08 11:00:00,66.66666666666667,592.2459076275758,455.65581479575985,724.8023684738673
2026-04-08 11:00:00,80.0,560.0586300391207,430.8919118177295,685.4109354046356
2026-04-08 11:00:00,93.33333333333334,527.8713524506654,406.1280088396991,646.0195023354037
2026-04-08 11:00:00,106.66666666666667,495.6840748622102,381.36410586166863,606.6280692661717
2026-04-08 11:00:00,120.0,463.49679727375496,356.6002028836382,567.2366361969397
2026-04-08 12:00:00,0.0,759.9497215372178,598.6836785349054,942.2268519144775
2026-04-08 12:00:00,13.333333333333334,727.4732377108409,573.0989059479436,901.9607471318075
2026-04-08 12:00:00,26.666666666666668,694.996753884464,547.5141333609819,861.6946423491374
2026-04-08 12:00:00,40.0,662.5202700580872,521.9293607740201,821.4285375664675
2026-04-08 12:00:00,53.333333333333336,630.0437862317106,496.34458818705843,781.1624327837976
2026-04-08 12:00:00,66.66666666666667,597.5673024053335,470.75981560009654,740.8963280011275
2026-04-08 12:00:00,80.0,565.0908185789568,445.1750430131348,700.6302232184577
2026-04-08 12:00:00,93.33333333333334,532.61433475258,419.59027042617305,660.3641184357876
2026-04-08 12:00:00,106.66666666666667,500.13785092620316,394.0054978392113,620.0980136531177
2026-04-08 12:00:00,120.0,467.6613670998263,368.4207252522495,579.8319088704477
2026-04-08 13:00:00,0.0,766.4369286037711,586.2052771336055,938.3651164354559
2026-04-08 13:00:00,13.333333333333334,733.683213706174,561.1537695637933,898.2640430835133
2026-04-08 13:00:00,26.666666666666668,700.9294988085769,536.1022619939811,858.1629697315708
2026-04-08 13:00:00,40.0,668.1757839109799,511.0507544241688,818.0618963796281
2026-04-08 13:00:00,53.333333333333336,635.422069013383,485.9992468543567,777.9608230276857
2026-04-08 13:00:00,66.66666666666667,602.6683541157857,460.9477392845444,737.859749675743
2026-04-08 13:00:00,80.0,569.9146392181888,435.8962317147323,697.7586763238006
2026-04-08 13:00:00,93.33333333333334,537.1609243205918,410.8447241449201,657.6576029718581
2026-04-08 13:00:00,106.66666666666667,504.4072094229947,385.79321657510786,617.5565296199154
2026-04-08 13:00:00,120.0,471.6534945253976,360.74170900529566,577.4554562679729
2026-04-08 14:00:00,0.0,772.6274867899328,594.7573907741652,943.4869404264748
2026-04-08 14:00:00,13.333333333333334,739.6092181236963,569.3404082624487,903.1669857073947
2026-04-08 14:00:00,26.666666666666668,706.5909494574599,543.9234257507322,862.8470309883146
2026-04-08 14:00:00,40.0,673.5726807912234,518.5064432390158,822.5270762692344
2026-04-08 14:00:00,53.333333333333336,640.5544121249872,493.0894607272994,782.2071215501545
2026-04-08 14:00:00,66.66666666666667,607.5361434587505,467.6724782155828,741.8871668310742
2026-04-08 14:00:00,80.0,574.5178747925142,442.2554957038665,701.5672121119942
2026-04-08 14:00:00,93.33333333333334,541.4996061262777,416.83851319215,661.2472573929141
2026-04-08 14:00:00,106.66666666666667,508.4813374600413,391.42153068043353,620.9273026738339
2026-04-08 14:00:00,120.0,475.46306879380484,366.00454816871706,580.6073479547538
2026-04-08 15:00:00,0.0,778.5054890179856,591.6107757602931,956.0178598567023
2026-04-08 15:00:00,13.333333333333334,745.2360236753367,566.3282639756652,915.162395760262
2026-04-08 15:00:00,26.666666666666668,711.9665583326877,541.0457521910373,874.3069316638217
2026-04-08 15:00:00,40.0,678.6970929900388,515.7632404064093,833.4514675673814
2026-04-08 15:00:00,53.333333333333336,645.4276276473898,490.4807286217815,792.5960034709414
2026-04-08 15:00:00,66.66666666666667,612.1581623047408,465.1982168371535,751.7405393745009
2026-04-08 15:00:00,80.0,578.8886969620919,439.91570505252565,710.8850752780608
2026-04-08 15:00:00,93.33333333333334,545.619231619443,414.63319326789775,670.0296111816205
2026-04-08 15:00:00,106.66666666666667,512.349766276794,389.35068148326985,629.1741470851802
2026-04-08 15:00:00,120.0,479.08030093414504,364.0681696986419,588.3186829887399
2026-04-08 16:00:00,0.0,784.0556802944731,608.7691452427022,962.6239830640384
2026-04-08 16:00:00,13.333333333333334,750.5490272904357,582.7533698049799,921.4862060100196
2026-04-08 16:00:00,26.666666666666668,717.0423742863984,556.7375943672575,880.3484289560009
2026-04-08 16:00:00,40.0,683.535721282361,530.7218189295352,839.2106519019821
2026-04-08 16:00:00,53.333333333333336,650.0290682783238,504.706043491813,798.0728748479636
2026-04-08 16:00:00,66.66666666666667,616.5224152742863,478.69026805409055,756.9350977939447
2026-04-08 16:00:00,80.0,583.0157622702492,452.67449261636835,715.797320739926
2026-04-08 16:00:00,93.33333333333334,549.5091092662119,426.658717178646,674.6595436859074
2026-04-08 16:00:00,106.66666666666667,516.0024562621745,400.6429417409237,633.5217666318886
2026-04-08 16:00:00,120.0,482.49580325813724,374.62716630320136,592.3839895778698
2026-04-08 17:00:00,0.0,789.2635819305614,621.8434641996038,966.1267310914496
2026-04-08 17:00:00,13.333333333333334,755.534369027546,595.2689571825267,924.8392639507894
2026-04-08 17:00:00,26.666666666666668,721.8051561245304,568.6944501654497,883.5517968101291
2026-04-08 17:00:00,40.0,688.075943221515,542.1199431483725,842.2643296694688
2026-04-08 17:00:00,53.333333333333336,654.3467303184997,515.5454361312956,800.9768625288087
2026-04-08 17:00:00,66.66666666666667,620.617517415484,488.97092911421834,759.6893953881483
2026-04-08 17:00:00,80.0,586.8883045124687,462.39642209714134,718.4019282474883
2026-04-08 17:00:00,93.33333333333334,553.1590916094533,435.82191508006423,677.114461106828
2026-04-08 17:00:00,106.66666666666667,519.4298787064379,409.2474080629871,635.8269939661677
2026-04-08 17:00:00,120.0,485.7006658034224,382.67290104591007,594.5395268255074
2026-04-08 18:00:00,0.0,794.1156094768523,619.3875120382513,959.1898778662521
2026-04-08 18:00:00,13.333333333333334,760.1790449692946,592.9179602417448,918.1988574446174
2026-04-08 18:00:00,26.666666666666668,726.2424804617368,566.4484084452383,877.2078370229827
2026-04-08 18:00:00,40.0,692.305915954179,539.9788566487318,836.216816601348
2026-04-08 18:00:00,53.333333333333336,658.3693514466213,513.5093048522255,795.2257961797134
2026-04-08 18:00:00,66.66666666666667,624.4327869390634,487.0397530557189,754.2347757580785
2026-04-08 18:00:00,80.0,590.4962224315057,460.5702012592125,713.243755336444
2026-04-08 18:00:00,93.33333333333334,556.5596579239478,434.1006494627061,672.2527349148093
2026-04-08 18:00:00,106.66666666666667,522.62309341639,407.6310976661996,631.2617144931745
2026-04-08 18:00:00,120.0,488.68652890883226,381.1615458696931,590.2706940715398
2026-04-08 19:00:00,0.0,798.5991831324587,616.5743971150988,983.8934207664348
2026-04-08 19:00:00,13.333333333333334,764.4710129131229,590.2250639050518,941.8466933832539
2026-04-08 19:00:00,26.666666666666668,730.342842693787,563.8757306950049,899.7999660000729
2026-04-08 19:00:00,40.0,696.2146724744512,537.5263974849579,857.7532386168918
2026-04-08 19:00:00,53.333333333333336,662.0865022551155,511.17706427491106,815.706511233711
2026-04-08 19:00:00,66.66666666666667,627.9583320357794,484.82773106486394,773.65978385053
2026-04-08 19:00:00,80.0,593.8301618164438,458.4783978548171,731.6130564673491
2026-04-08 19:00:00,93.33333333333334,559.7019915971078,432.12906464477015,689.566329084168
2026-04-08 19:00:00,106.66666666666667,525.573821377772,405.77973143472315,647.5196017009871
2026-04-08 19:00:00,120.0,491.4456511584362,379.4303982246762,605.472874317806
2026-04-08 20:00:00,0.0,802.7028294674512,635.4299034295424,980.6642024608075
2026-04-08 20:00:00,13.333333333333334,768.39928974662,608.2747793513568,938.7554758599182
2026-04-08 20:00:00,26.666666666666668,734.0957500257888,581.1196552731711,896.846749259029
2026-04-08 20:00:00,40.0,699.7922103049575,553.9645311949856,854.9380226581397
2026-04-08 20:00:00,53.333333333333336,665.4886705841263,526.8094071168001,813.0292960572507
2026-04-08 20:00:00,66.66666666666667,631.185130863295,499.65428303861444,771.1205694563613
2026-04-08 20:00:00,80.0,596.8815911424638,472.49915896042893,729.2118428554722
2026-04-08 20:00:00,93.33333333333334,562.5780514216326,445.34403488224336,687.3031162545831
2026-04-08 20:00:00,106.66666666666667,528.2745117008013,418.1889108040578,645.3943896536938
2026-04-08 20:00:00,120.0,493.97097197997005,391.03378672587223,603.4856630528046
2026-04-08 21:00:00,0.0,806.4162734183186,635.724155198224,983.4604187719582
2026-04-08 21:00:00,13.333333333333334,771.9540395115529,608.556456258129,941.4321957475155
2026-04-08 21:00:00,26.666666666666668,737.491805604787,581.388757318034,899.4039727230729
2026-04-08 21:00:00,40.0,703.0295716980213,554.2210583779389,857.3757496986302
2026-04-08 21:00:00,53.333333333333336,668.5673377912557,527.0533594378439,815.3475266741876
2026-04-08 21:00:00,66.66666666666667,634.1051038844897,499.88566049774875,773.3193036497448
2026-04-08 21:00:00,80.0,599.6428699777241,472.71796155765384,731.2910806253024
2026-04-08 21:00:00,93.33333333333334,565.1806360709584,445.55026261755876,689.2628576008597
2026-04-08 21:00:00,106.66666666666667,530.7184021641926,418.38256367746374,647.234634576417
2026-04-08 21:00:00,120.0,496.25616825742685,391.21486473736866,605.2064115519743
2026-04-08 22:00:00,0.0,809.7305196090794,635.2737212784749,981.5354983748834
2026-04-08 22:00:00,13.333333333333334,775.126651249717,608.1252716511896,939.5895369058713
2026-04-08 22:00:00,26.666666666666668,740.5227828903546,580.9768220239043,897.6435754368591
2026-04-08 22:00:00,40.0,705.9189145309922,553.8283723966191,855.697613967847
2026-04-08 22:00:00,53.333333333333336,671.31504617163,526.679922769334,813.751652498835
2026-04-08 22:00:00,66.66666666666667,636.7111778122675,499.5314731420486,771.8056910298228
2026-04-08 22:00:00,80.0,602.1073094529053,472.3830235147634,729.8597295608108
2026-04-08 22:00:00,93.33333333333334,567.5034410935428,445.2345738874781,687.9137680917987
2026-04-08 22:00:00,106.66666666666667,532.8995727341804,418.0861242601929,645.9678066227866
2026-04-08 22:00:00,120.0,498.2957043748181,390.9376746329076,604.0218451537744
2026-04-08 23:00:00,0.0,812.6379221922084,644.6626989897401,983.744367052483
2026-04-08 23:00:00,13.333333333333334,777.909805859208,617.1130109987256,941.7040094861375
2026-04-08 23:00:00,26.666666666666668,743.1816895262076,589.563323007711,899.6636519197921
2026-04-08 23:00:00,40.0,708.4535731932073,562.0136350166965,857.6232943534466
2026-04-08 23:00:00,53.333333333333336,673.725456860207,534.463947025682,815.5829367871014
2026-04-08 23:00:00,66.66666666666667,638.9973405272065,506.9142590346674,773.5425792207558
2026-04-08 23:00:00,80.0,604.2692241942062,479.3645710436529,731.5022216544105
2026-04-08 23:00:00,93.33333333333334,569.5411078612059,451.8148830526384,689.461864088065
2026-04-08 23:00:00,106.66666666666667,534.8129915282055,424.26519506162384,647.4215065217196
2026-04-08 23:00:00,120.0,500.08487519520514,396.7155070706093,605.3811489553741
2026-04-09 00:00:00,0.0,582.3260941894489,409.0176879153027,761.7851568345231
2026-04-09 00:00:00,13.333333333333334,557.4403636685323,391.53829954285385,729.2302356022786
2026-04-09 00:00:00,26.666666666666668,532.5546331476156,374.05891117040505,696.675314370034
2026-04-09 00:00:00,40.0,507.66890262669904,356.5795227979562,664.1203931377894
2026-04-09 00:00:00,53.333333333333336,482.7831721057825,339.1001344255074,631.565471905545
2026-04-09 00:00:00,66.66666666666667,457.89744158486576,321.6207460530585,599.0105506733003
2026-04-09 00:00:00,80.0,433.01171106394924,304.14135768060976,566.4556294410557
2026-04-09 00:00:00,93.33333333333334,408.1259805430326,286.6619693081609,533.9007082088111
2026-04-09 00:00:00,106.66666666666667,383.24025002211596,269.18258093571205,501.34578697656656
2026-04-09 00:00:00,120.0,358.3545195011993,251.7031925632632,468.790865744322
2026-04-09 01:00:00,0.0,584.4025458934013,426.59043135362066,765.9119161979088
2026-04-09 01:00:00,13.333333333333334,559.4280781201791,408.3600710393634,733.1806377279128
2026-04-09 01:00:00,26.666666666666668,534.4536103469568,390.12971072510607,700.4493592579166
2026-04-09 01:00:00,40.0,509.47914257373446,371.8993504108488,667.7180807879205
2026-04-09 01:00:00,53.333333333333336,484.5046748005123,353.66899009659153,634.9868023179245
2026-04-09 01:00:00,66.66666666666667,459.5302070272899,335.4386297823342,602.2555238479282
2026-04-09 01:00:00,80.0,434.5557392540677,317.20826946807694,569.5242453779323
2026-04-09 01:00:00,93.33333333333334,409.58127148084543,298.97790915381967,536.7929669079361
2026-04-09 01:00:00,106.66666666666667,384.6068037076231,280.74754883956234,504.06168843794
2026-04-09 01:00:00,120.0,359.6323359344008,262.517188525305,471.3304099679439
2026-04-09 02:00:00,0.0,586.0578266956385,407.97363393943033,759.4634768079774
2026-04-09 02:00:00,13.333333333333334,561.012620426594,390.53886325825806,727.0077726708844
2026-04-09 02:00:00,26.666666666666668,535.9674141575497,373.10409257708585,694.5520685337913
2026-04-09 02:00:00,40.0,510.9222078885053,355.6693218959136,662.0963643966982
2026-04-09 02:00:00,53.333333333333336,485.877001619461,338.23455121474143,629.6406602596053
2026-04-09 02:00:00,66.66666666666667,460.8317953504165,320.7997805335691,597.1849561225121
2026-04-09 02:00:00,80.0,435.7865890813722,303.36500985239695,564.7292519854192
2026-04-09 02:00:00,93.33333333333334,410.74138281232786,285.9302391712247,532.2735478483261
2026-04-09 02:00:00,106.66666666666667,385.69617654328346,268.4954684900525,499.817843711233
2026-04-09 02:00:00,120.0,360.65097027423906,251.0606978088802,467.36213957414
2026-04-09 03:00:00,0.0,587.2901371195003,403.43446914119585,755.4242261262802
2026-04-09 03:00:00,13.333333333333334,562.1922680118294,386.1936798616576,723.1411395396871
2026-04-09 03:00:00,26.666666666666668,537.0943989041584,368.95289058211927,690.8580529530939
2026-04-09 03:00:00,40.0,511.99652979648744,351.712101302581,658.5749663665007
2026-04-09 03:00:00,53.333333333333336,486.89866068881656,334.47131202304274,626.2918797799076
2026-04-09 03:00:00,66.66666666666667,461.8007915811455,317.2305227435044,594.0087931933143
2026-04-09 03:00:00,80.0,436.70292247347464,299.98973346396616,561.7257066067212
2026-04-09 03:00:00,93.33333333333334,411.60505336580366,282.7489441844279,529.4426200201281
2026-04-09 03:00:00,106.66666666666667,386.5071842581327,265.5081549048896,497.1595334335349
2026-04-09 03:00:00,120.0,361.40931515046174,248.26736562535132,464.8764468469417
2026-04-09 04:00:00,0.0,588.0991857252186,421.2623786219789,764.0010371903504
2026-04-09 04:00:00,13.333333333333334,562.9667418908076,403.25971286890285,731.3514202164039
2026-04-09 04:00:00,26.666666666666668,537.8342980563965,385.2570471158268,698.7018032424572
2026-04-09 04:00:00,40.0,512.7018542219854,367.2543813627508,666.0521862685106
2026-04-09 04:00:00,53.333333333333336,487.56941038757446,349.2517156096749,633.4025692945642
2026-04-09 04:00:00,66.66666666666667,462.4369665531633,331.24904985659873,600.7529523206174
2026-04-09 04:00:00,80.0,437.30452271875237,313.2463841035228,568.1033353466709
2026-04-09 04:00:00,93.33333333333334,412.1720788843413,295.2437183504468,535.4537183727243
2026-04-09 04:00:00,106.66666666666667,387.0396350499302,277.24105259737075,502.8041013987777
2026-04-09 04:00:00,120.0,361.90719121551916,259.2383868442947,470.154484424831
2026-04-09 05:00:00,0.0,588.4861810690883,399.7816885092665,767.4859977195019
2026-04-09 05:00:00,13.333333333333334,563.3371989721187,382.6970009661354,734.687450808412
2026-04-09 05:00:00,26.666666666666668,538.188216875149,365.61231342300437,701.8889038973222
2026-04-09 05:00:00,40.0,513.0392347781794,348.5276258798733,669.0903569862323
2026-04-09 05:00:00,53.333333333333336,487.89025268121,331.4429383367423,636.2918100751426
2026-04-09 05:00:00,66.66666666666667,462.7412705842403,314.3582507936112,603.4932631640527
2026-04-09 05:00:00,80.0,437.59228848727076,297.2735632504802,570.694716252963
2026-04-09 05:00:00,93.33333333333334,412.4433063903012,280.18887570734915,537.8961693418731
2026-04-09 05:00:00,106.66666666666667,387.2943242933316,263.1041881642181,505.0976224307833
2026-04-09 05:00:00,120.0,362.145342196362,246.01950062108705,472.2990755196935
2026-04-09 06:00:00,0.0,588.4538105953649,415.92695812343817,761.420782481742
2026-04-09 06:00:00,13.333333333333334,563.3062118519732,398.1523017933767,728.881432803035
2026-04-09 06:00:00,26.666666666666668,538.1586131085816,380.3776454633152,696.342083124328
2026-04-09 06:00:00,40.0,513.0110143651899,362.60298913325374,663.8027334456211
2026-04-09 06:00:00,53.333333333333336,487.8634156217983,344.8283328031924,631.2633837669143
2026-04-09 06:00:00,66.66666666666667,462.71581687840654,327.05367647313085,598.7240340882073
2026-04-09 06:00:00,80.0,437.56821813501494,309.27902014306943,566.1846844095005
2026-04-09 06:00:00,93.33333333333334,412.4206193916233,291.50436381300796,533.6453347307935
2026-04-09 06:00:00,106.66666666666667,387.2730206482316,273.7297074829465,501.10598505208657
2026-04-09 06:00:00,120.0,362.1254219048399,255.95505115288503,468.56663537337965
2026-04-09 07:00:00,0.0,588.0062068510852,406.7903742818577,753.0391273414699
2026-04-09 07:00:00,13.333333333333334,562.8777364728336,389.4061702527185,720.8579680533729
2026-04-09 07:00:00,26.666666666666668,537.7492660945821,372.0219662235792,688.6768087652758
2026-04-09 07:00:00,40.0,512.6207957163306,354.63776219444003,656.4956494771789
2026-04-09 07:00:00,53.333333333333336,487.4923253380792,337.2535581653009,624.314490189082
2026-04-09 07:00:00,66.66666666666667,462.36385495982756,319.8693541361616,592.1333309009848
2026-04-09 07:00:00,80.0,437.23538458157617,302.48515010702243,559.9521716128879
2026-04-09 07:00:00,93.33333333333334,412.10691420332466,285.1009460778832,527.771012324791
2026-04-09 07:00:00,106.66666666666667,386.97844382507316,267.716742048744,495.5898530366939
2026-04-09 07:00:00,120.0,361.84997344682165,250.33253801960473,463.4086937485969
2026-04-09 08:00:00,0.0,587.1489015426716,404.2394935962072,772.665407936363
2026-04-09 08:00:00,13.333333333333334,562.0570681434122,386.9643015621812,739.6455187083133
2026-04-09 08:00:00,26.666666666666668,536.9652347441527,369.68910952815526,706.6256294802636
2026-04-09 08:00:00,40.0,511.87340134489324,352.4139174941293,673.6057402522139
2026-04-09 08:00:00,53.333333333333336,486.78156794563387,335.13872546010344,640.5858510241643
2026-04-09 08:00:00,66.66666666666667,461.68973454637427,317.8635334260774,607.5659617961144
2026-04-09 08:00:00,80.0,436.5979011471149,300.5883413920515,574.5460725680648
2026-04-09 08:00:00,93.33333333333334,411.5060677478554,283.31314935802556,541.5261833400151
2026-04-09 08:00:00,106.66666666666667,386.4142343485959,266.0379573239996,508.5062941119654
2026-04-09 08:00:00,120.0,361.32240094933644,248.76276528997366,475.48640488391567
2026-04-09 09:00:00,0.0,585.8887681046342,408.3076789967177,773.8810736430169
2026-04-09 09:00:00,13.333333333333334,560.8507865617012,390.85863288574683,740.8092328890417
2026-04-09 09:00:00,26.666666666666668,535.812805018768,373.40958677477596,707.7373921350667
2026-04-09 09:00:00,40.0,510.774823475835,355.96054066380515,674.6655513810915
2026-04-09 09:00:00,53.333333333333336,485.73684193290194,338.51149455283434,641.5937106271166
2026-04-09 09:00:00,66.66666666666667,460.6988603899688,321.06244844186347,608.5218698731413
2026-04-09 09:00:00,80.0,435.66087884703575,303.61340233089265,575.4500291191664
2026-04-09 09:00:00,93.33333333333334,410.62289730410265,286.16435621992184,542.3781883651914
2026-04-09 09:00:00,106.66666666666667,385.58491576116955,268.715310108951,509.3063476112162
2026-04-09 09:00:00,120.0,360.54693421823646,251.2662639979801,476.2345068572411
2026-04-09 10:00:00,0.0,584.2339535676144,412.5853256799962,748.1194516735983
2026-04-09 10:00:00,13.333333333333334,559.2666905946394,394.95347415521,716.1485349354103
2026-04-09 10:00:00,26.666666666666668,534.2994276216644,377.3216226304238,684.1776181972223
2026-04-09 10:00:00,40.0,509.33216464868946,359.68977110563765,652.2067014590343
2026-04-09 10:00:00,53.333333333333336,484.3649016757146,342.05791958085155,620.2357847208465
2026-04-09 10:00:00,66.66666666666667,459.39763870273947,324.42606805606533,588.2648679826584
2026-04-09 10:00:00,80.0,434.4303757297646,306.79421653127923,556.2939512444706
2026-04-09 10:00:00,93.33333333333334,409.4631127567896,289.1623650064931,524.3230345062826
2026-04-09 10:00:00,106.66666666666667,384.4958497838146,271.53051348170686,492.3521177680946
2026-04-09 10:00:00,120.0,359.52858681083967,253.8986619569207,460.3812010299066
2026-04-09 11:00:00,0.0,582.1938006394288,400.0031660537393,765.2850259512862
2026-04-09 11:00:00,13.333333333333334,557.3137236890259,382.90901365828034,732.5805376627698
2026-04-09 11:00:00,26.666666666666668,532.4336467386229,365.8148612628214,699.8760493742532
2026-04-09 11:00:00,40.0,507.55356978821993,348.7207088673624,667.1715610857367
2026-04-09 11:00:00,53.333333333333336,482.6734928378171,331.62655647190354,634.4670727972202
2026-04-09 11:00:00,66.66666666666667,457.793415887414,314.53240407644455,601.7625845087036
2026-04-09 11:00:00,80.0,432.9133389370112,297.4382516809857,569.0580962201873
2026-04-09 11:00:00,93.33333333333334,408.03326198660824,280.3440992855267,536.3536079316707
2026-04-09 11:00:00,106.66666666666667,383.1531850362053,263.24994689006775,503.6491196431542
2026-04-09 11:00:00,120.0,358.27310808580233,246.1557944946088,470.9446313546377
2026-04-09 12:00:00,0.0,579.7787610134483,413.28648502828975,759.7178002807444
2026-04-09 12:00:00,13.333333333333334,555.0018908846685,395.6246694287902,727.2512276191741
2026-04-09 12:00:00,26.666666666666668,530.2250207558886,377.9628538292906,694.7846549576038
2026-04-09 12:00:00,40.0,505.44815062710876,360.30103822979106,662.3180822960335
2026-04-09 12:00:00,53.333333333333336,480.671280498329,342.63922263029156,629.8515096344634
2026-04-09 12:00:00,66.66666666666667,455.89441036954906,324.97740703079194,597.384936972893
2026-04-09 12:00:00,80.0,431.1175402407693,307.31559143129243,564.9183643113228
2026-04-09 12:00:00,93.33333333333334,406.3406701119894,289.65377583179287,532.4517916497525
2026-04-09 12:00:00,106.66666666666667,381.5637999832096,271.99196023229325,499.9852189881822
2026-04-09 12:00:00,120.0,356.78692985442973,254.3301446327937,467.51864632661193
2026-04-09 13:00:00,0.0,577.0003010172189,393.0313401762057,753.9073063829713
2026-04-09 13:00:00,13.333333333333334,552.3421684951156,376.23512905756445,721.6890454264341
2026-04-09 13:00:00,26.666666666666668,527.6840359730122,359.43891793892317,689.4707844698968
2026-04-09 13:00:00,40.0,503.0259034509088,342.6427068202819,657.2525235133596
2026-04-09 13:00:00,53.333333333333336,478.3677709288055,325.84649570164066,625.0342625568225
2026-04-09 13:00:00,66.66666666666667,453.709638406702,309.0502845829993,592.8160016002851
2026-04-09 13:00:00,80.0,429.0515058845988,292.2540734643581,560.5977406437479
2026-04-09 13:00:00,93.33333333333334,404.39337336249537,275.4578623457168,528.3794796872107
2026-04-09 13:00:00,106.66666666666667,379.735240840392,258.66165122707554,496.16121873067345
2026-04-09 13:00:00,120.0,355.0771083182886,241.86544010843429,463.9429577741362
2026-04-09 14:00:00,0.0,573.8708007839105,391.1621646599179,752.4693760781374
2026-04-09 14:00:00,13.333333333333334,549.3464075880169,374.44583283684443,720.3125651346272
2026-04-09 14:00:00,26.666666666666668,524.8220143921232,357.729501013771,688.1557541911171
2026-04-09 14:00:00,40.0,500.29762119622956,341.0131691906976,655.9989432476069
2026-04-09 14:00:00,53.333333333333336,475.7732280003361,324.2968373676243,623.8421323040969
2026-04-09 14:00:00,66.66666666666667,451.2488348044423,307.58050554455076,591.6853213605866
2026-04-09 14:00:00,80.0,426.72444160854883,290.8641737214774,559.5285104170766
2026-04-09 14:00:00,93.33333333333334,402.2000484126552,274.147841898404,527.3716994735664
2026-04-09 14:00:00,106.66666666666667,377.6756552167616,257.4315100753306,495.21488853005627
2026-04-09 14:00:00,120.0,353.151262020868,240.71517825225715,463.0580775865461
2026-04-09 15:00:00,0.0,570.403448200792,396.84862055296384,748.2322522097307
2026-04-09 15:00:00,13.333333333333334,546.0272324657154,379.88927779429014,716.2565149358106
2026-04-09 15:00:00,26.666666666666668,521.6510167306388,362.9299350356165,684.2807776618905
2026-04-09 15:00:00,40.0,497.27480099556226,345.9705922769428,652.3050403879704
2026-04-09 15:00:00,53.333333333333336,472.89858526048573,329.0112495182692,620.3293031140504
2026-04-09 15:00:00,66.66666666666667,448.5223695254091,312.05190675959545,588.3535658401302
2026-04-09 15:00:00,80.0,424.14615379033256,295.09256400092187,556.3778285662102
2026-04-09 15:00:00,93.33333333333334,399.769938055256,278.13322124224817,524.4020912922899
2026-04-09 15:00:00,106.66666666666667,375.3937223201794,261.1738784835745,492.42635401836986
2026-04-09 15:00:00,120.0,351.0175065851028,244.21453572490083,460.4506167444497
2026-04-09 16:00:00,0.0,566.6121289416418,386.6838704206289,731.9420501126777
2026-04-09 16:00:00,13.333333333333334,542.3979353971272,370.15891869325156,700.6624753215376
2026-04-09 16:00:00,26.666666666666668,518.1837418526126,353.63396696587427,669.3829005303975
2026-04-09 16:00:00,40.0,493.96954830809796,337.10901523849697,638.1033257392575
2026-04-09 16:00:00,53.333333333333336,469.7553547635834,320.5840635111197,606.8237509481174
2026-04-09 16:00:00,66.66666666666667,445.5411612190687,304.05911178374237,575.5441761569773
2026-04-09 16:00:00,80.0,421.32696767455417,287.5341600563651,544.2646013658373
2026-04-09 16:00:00,93.33333333333334,397.11277413003955,271.00920832898777,512.9850265746973
2026-04-09 16:00:00,106.66666666666667,372.89858058552494,254.48425660161047,481.7054517835571
2026-04-09 16:00:00,120.0,348.6843870410103,237.95930487423317,450.42587699241705
2026-04-09 17:00:00,0.0,562.5113139023885,381.4716274333485,731.0477316439207
2026-04-09 17:00:00,13.333333333333334,538.4723688638248,365.16942113277804,699.8063755907616
2026-04-09 17:00:00,26.666666666666668,514.4334238252612,348.86721483220754,668.5650195376027
2026-04-09 17:00:00,40.0,490.39447878669756,332.5650085316371,637.3236634844436
2026-04-09 17:00:00,53.333333333333336,466.35553374813406,316.2628022310667,606.0823074312847
2026-04-09 17:00:00,66.66666666666667,442.31658870957034,299.9605959304962,574.8409513781256
2026-04-09 17:00:00,80.0,418.27764367100684,283.6583896299258,543.5995953249667
2026-04-09 17:00:00,93.33333333333334,394.23869863244323,267.35618332935536,512.3582392718076
2026-04-09 17:00:00,106.66666666666667,370.19975359387956,251.0539770287849,481.11688321864864
2026-04-09 17:00:00,120.0,346.16080855531595,234.75177072821444,449.87552716548964
2026-04-09 18:00:00,0.0,558.1159453922687,386.57246646796034,726.0966150344831
2026-04-09 18:00:00,13.333333333333334,534.2648366148213,370.0522755932612,695.0668451612145
2026-04-09 18:00:00,26.666666666666668,510.4137278373739,353.53208471856203,664.037075287946
2026-04-09 18:00:00,40.0,486.56261905992653,337.0118938438629,633.0073054146775
2026-04-09 18:00:00,53.333333333333336,462.71151028247925,320.4917029691637,601.9775355414091
2026-04-09 18:00:00,66.66666666666667,438.8604015050318,303.9715120944645,570.9477656681404
2026-04-09 18:00:00,80.0,415.00929272758447,287.4513212197654,539.917995794872
2026-04-09 18:00:00,93.33333333333334,391.1581839501371,270.93113034506626,508.8882259216035
2026-04-09 18:00:00,106.66666666666667,367.3070751726897,254.41093947036708,477.85845604833503
2026-04-09 18:00:00,120.0,343.4559663952423,237.8907485956679,446.8286861750665
2026-04-09 19:00:00,0.0,553.4413234298265,374.82397869235376,739.5221653950952
2026-04-09 19:00:00,13.333333333333334,529.7899848217143,358.8058599448173,707.9186540534245
2026-04-09 19:00:00,26.666666666666668,506.138646213602,342.7877411972808,676.3151427117538
2026-04-09 19:00:00,40.0,482.4873076054898,326.7696224497443,644.711631370083
2026-04-09 19:00:00,53.333333333333336,458.8359689973776,310.75150370220786,613.1081200284124
2026-04-09 19:00:00,66.66666666666667,435.18463038926524,294.7333849546713,581.5046086867414
2026-04-09 19:00:00,80.0,411.5332917811531,278.7152662071349,549.9010973450709
2026-04-09 19:00:00,93.33333333333334,387.8819531730408,262.6971474595984,518.2975860034
2026-04-09 19:00:00,106.66666666666667,364.2306145649286,246.6790287120619,486.69407466172936
2026-04-09 19:00:00,120.0,340.57927595681633,230.66090996452542,455.0905633200586
2026-04-09 20:00:00,0.0,548.5029934601032,378.1610486428027,732.0753844097914
2026-04-09 20:00:00,13.333333333333334,525.0626945942869,362.00032006832396,700.790111571766
2026-04-09 20:00:00,26.666666666666668,501.62239572847045,345.8395914938452,669.5048387337408
2026-04-09 20:00:00,40.0,478.1820968626541,329.67886291936645,638.2195658957155
2026-04-09 20:00:00,53.333333333333336,454.74179799683776,313.51813434488776,606.9342930576903
2026-04-09 20:00:00,66.66666666666667,431.3014991310213,297.35740577040895,575.649020219665
2026-04-09 20:00:00,80.0,407.861200265205,281.19667719593025,544.3637473816398
2026-04-09 20:00:00,93.33333333333334,384.42090139938864,265.0359486214515,513.0784745436144
2026-04-09 20:00:00,106.66666666666667,360.9806025335722,248.87522004697271,481.7932017055892
2026-04-09 20:00:00,120.0,337.54030366775584,232.71449147249396,450.5079288675639
2026-04-09 21:00:00,0.0,543.3166367847731,368.69874222738883,714.7320202906204
2026-04-09 21:00:00,13.333333333333334,520.097977093116,352.94238572194485,684.1879168593973
2026-04-09 21:00:00,26.666666666666668,496.8793174014591,337.1860292165009,653.6438134281742
2026-04-09 21:00:00,40.0,473.66065770980214,321.4296727110569,623.0997099969511
2026-04-09 21:00:00,53.333333333333336,450.4419980181452,305.673316205613,592.5556065657281
2026-04-09 21:00:00,66.66666666666667,427.22333832648815,289.91695970016895,562.0115031345049
2026-04-09 21:00:00,80.0,404.0046786348313,274.16060319472507,531.4673997032819
2026-04-09 21:00:00,93.33333333333334,380.78601894317427,258.4042466892811,500.9232962720588
2026-04-09 21:00:00,106.66666666666667,357.5673592515173,242.64789018383712,470.3791928408357
2026-04-09 21:00:00,120.0,334.34869955986034,226.89153367839313,439.8350894096126
2026-04-09 22:00:00,0.0,537.8979649547805,366.6563970200162,718.9553697589546
2026-04-09 22:00:00,13.333333333333334,514.9108724353454,350.98732022428896,688.2307813077172
2026-04-09 22:00:00,26.666666666666668,491.92377991591036,335.3182434285618,657.5061928564797
2026-04-09 22:00:00,40.0,468.9366873964753,319.6491666328346,626.7816044052424
2026-04-09 22:00:00,53.333333333333336,445.9495948770403,303.98008983710747,596.0570159540051
2026-04-09 22:00:00,66.66666666666667,422.9625023576051,288.3110130413802,565.3324275027676
2026-04-09 22:00:00,80.0,399.97540983817015,272.6419362456531,534.6078390515304
2026-04-09 22:00:00,93.33333333333334,376.9883173187351,256.97285944992586,503.88325060029297
2026-04-09 22:00:00,106.66666666666667,354.0012247993,241.3037826541987,473.1586621490556
2026-04-09 22:00:00,120.0,331.01413227986495,225.6347058584715,442.4340736978182
2026-04-09 23:00:00,0.0,532.2626192855995,349.14310710534215,718.8881923105275
2026-04-09 23:00:00,13.333333333333334,509.51635350416365,334.2224615025497,688.1664746904195
2026-04-09 23:00:00,26.666666666666668,486.7700877227278,319.30181589975734,657.4447570703115
2026-04-09 23:00:00,40.0,464.0238219412919,304.3811702969649,626.7230394502035
2026-04-09 23:00:00,53.333333333333336,441.2775561598561,289.4605246941726,596.0013218300955
2026-04-09 23:00:00,66.66666666666667,418.5312903784201,274.5398790913801,565.2796042099874
2026-04-09 23:00:00,80.0,395.78502459698433,259.6192334885878,534.5578865898796
2026-04-09 23:00:00,93.33333333333334,373.0387588155484,244.69858788579535,503.8361689697715
2026-04-09 23:00:00,106.66666666666667,350.29249303411257,229.77794228300294,473.11445134966345
2026-04-09 23:00:00,120.0,327.54622725267666,214.85729668021054,442.3927337295554
2026-04-10 00:00:00,0.0,294.607676833523,114.52337896861059,463.3847144393966
2026-04-10 00:00:00,13.333333333333334,282.0176051739707,109.62921747422551,443.5819488650634
2026-04-10 00:00:00,26.666666666666668,269.4275335144184,104.73505597984044,423.7791832907302
2026-04-10 00:00:00,40.0,256.83746185486615,99.84089448545538,403.976417716397
2026-04-10 00:00:00,53.333333333333336,244.24739019531395,94.94673299107032,384.1736521420639
2026-04-10 00:00:00,66.66666666666667,231.65731853576165,90.05257149668523,364.3708865677306
2026-04-10 00:00:00,80.0,219.06724687620942,85.15841000230019,344.5681209933975
2026-04-10 00:00:00,93.33333333333334,206.47717521665714,80.26424850791511,324.7653554190643
2026-04-10 00:00:00,106.66666666666667,193.88710355710487,75.37008701353004,304.9625898447311
2026-04-10 00:00:00,120.0,181.2970318975526,70.47592551914498,285.1598242703979
2026-04-10 01:00:00,0.0,288.58516238468343,106.93916567978567,462.60291248553483
2026-04-10 01:00:00,13.333333333333334,276.2524631374747,102.36911586441022,442.8335572511103
2026-04-10 01:00:00,26.666666666666668,263.91976389026604,97.79906604903476,423.06420201668567
2026-04-10 01:00:00,40.0,251.58706464305732,93.2290162336593,403.2948467822611
2026-04-10 01:00:00,53.333333333333336,239.25436539584868,88.65896641828385,383.5254915478366
2026-04-10 01:00:00,66.66666666666667,226.92166614863993,84.08891660290838,363.75613631341196
2026-04-10 01:00:00,80.0,214.5889669014313,79.51886678753294,343.98678107898746
2026-04-10 01:00:00,93.33333333333334,202.25626765422257,74.94881697215749,324.2174258445629
2026-04-10 01:00:00,106.66666666666667,189.92356840701387,70.37876715678203,304.4480706101383
2026-04-10 01:00:00,120.0,177.59086915980518,65.80871734140656,284.67871537571375
2026-04-10 02:00:00,0.0,282.3915709764361,102.30742184410518,451.10169123005676
2026-04-10 02:00:00,13.333333333333334,270.3235551227423,97.9353097994853,431.82384117749024
2026-04-10 02:00:00,26.666666666666668,258.2555392690484,93.56319775486541,412.54599112492366
2026-04-10 02:00:00,40.0,246.18752341535458,89.19108571024553,393.26814107235714
2026-04-10 02:00:00,53.333333333333336,234.11950756166078,84.81897366562568,373.9902910197907
2026-04-10 02:00:00,66.66666666666667,222.05149170796687,80.44686162100577,354.7124409672241
2026-04-10 02:00:00,80.0,209.98347585427305,76.07474957638591,335.43459091465763
2026-04-10 02:00:00,93.33333333333334,197.9154600005792,71.70263753176603,316.15674086209106
2026-04-10 02:00:00,106.66666666666667,185.84744414688535,67.33052548714615,296.87889080952453
2026-04-10 02:00:00,120.0,173.77942829319147,62.958413442526265,277.601040756958
2026-04-10 03:00:00,0.0,276.0413968834224,86.51864349626393,450.2379492045009
2026-04-10 03:00:00,13.333333333333334,264.24475599096843,82.82126556907316,430.99701120430854
2026-04-10 03:00:00,26.666666666666668,252.44811509851448,79.12388764188239,411.7560732041162
2026-04-10 03:00:00,40.0,240.65147420606053,75.42650971469163,392.5151352039238
2026-04-10 03:00:00,53.333333333333336,228.8548333136066,71.72913178750088,373.27419720373155
2026-04-10 03:00:00,66.66666666666667,217.05819242115263,68.03175386031009,354.0332592035391
2026-04-10 03:00:00,80.0,205.2615515286987,64.33437593311933,334.79232120334683
2026-04-10 03:00:00,93.33333333333334,193.46491063624475,60.63699800592857,315.5513832031545
2026-04-10 03:00:00,106.66666666666667,181.6682697437908,56.9396200787378,296.3104452029621
2026-04-10 03:00:00,120.0,169.87162885133685,53.24224215154703,277.0695072027698
2026-04-10 04:00:00,0.0,269.5486733571098,101.288813684842,439.6191758632776
2026-04-10 04:00:00,13.333333333333334,258.02949928201963,96.96023190343848,420.8320315956162
2026-04-10 04:00:00,26.666666666666668,246.51032520692945,92.63165012203498,402.0448873279547
2026-04-10 04:00:00,40.0,234.99115113183927,88.30306834063148,383.25774306029325
2026-04-10 04:00:00,53.333333333333336,223.47197705674915,83.97448655922798,364.4705987926319
2026-04-10 04:00:00,66.66666666666667,211.95280298165895,79.64590477782447,345.6834545249704
2026-04-10 04:00:00,80.0,200.43362890656883,75.31732299642097,326.89631025730904
2026-04-10 04:00:00,93.33333333333334,188.91445483147868,70.98874121501747,308.1091659896476
2026-04-10 04:00:00,106.66666666666667,177.3952807563885,66.66015943361397,289.3220217219861
2026-04-10 04:00:00,120.0,165.87610668129832,62.331577652210456,270.53487745432466
2026-04-10 05:00:00,0.0,262.9269221798284,80.21009869957847,436.50129119490816
2026-04-10 05:00:00,13.333333333333334,251.69072892428017,76.78231670386998,417.8473898617924
2026-04-10 05:00:00,26.666666666666668,240.45453566873195,73.3545347081615,399.19348852867665
2026-04-10 05:00:00,40.0,229.21834241318373,69.92675271245301,380.53958719556096
2026-04-10 05:00:00,53.333333333333336,217.98214915763555,66.49897071674454,361.88568586244526
2026-04-10 05:00:00,66.66666666666667,206.74595590208727,63.071188721036044,343.23178452932945
2026-04-10 05:00:00,80.0,195.5097626465391,59.64340672532758,324.5778831962138
2026-04-10 05:00:00,93.33333333333334,184.27356939099087,56.215624729619094,305.92398186309805
2026-04-10 05:00:00,106.66666666666667,173.03737613544263,52.787842733910615,287.2700805299823
2026-04-10 05:00:00,120.0,161.8011828798944,49.36006073820213,268.61617919686654
2026-04-10 06:00:00,0.0,256.1891136568192,69.42207708750122,419.40639421241053
2026-04-10 06:00:00,13.333333333333334,245.24086093644226,66.45532165641143,401.48304403239297
2026-04-10 06:00:00,26.666666666666668,234.2926082160654,63.48856622532163,383.5596938523754
2026-04-10 06:00:00,40.0,223.3443554956885,60.52181079423183,365.63634367235784
2026-04-10 06:00:00,53.333333333333336,212.39610277531165,57.555055363142046,347.7129934923404
2026-04-10 06:00:00,66.66666666666667,201.4478500549347,54.58829993205224,329.78964331232277
2026-04-10 06:00:00,80.0,190.49959733455785,51.62154450096245,311.86629313230526
2026-04-10 06:00:00,93.33333333333334,179.55134461418098,48.654789069872656,293.94294295228775
2026-04-10 06:00:00,106.66666666666667,168.60309189380408,45.688033638782855,276.0195927722702
2026-04-10 06:00:00,120.0,157.65483917342718,42.72127820769306,258.0962425922526
2026-04-10 07:00:00,0.0,249.34763728289877,70.02423739109848,426.75213451772163
2026-04-10 07:00:00,13.333333333333334,238.69175534773217,67.03174861370111,408.5148638118361
2026-04-10 07:00:00,26.666666666666668,228.03587341256554,64.03925983630374,390.2775931059506
2026-04-10 07:00:00,40.0,217.37999147739893,61.046771058906366,372.040322400065
2026-04-10 07:00:00,53.333333333333336,206.72410954223236,58.054282281509,353.80305169417954
2026-04-10 07:00:00,66.66666666666667,196.0682276070657,55.06179350411162,335.5657809882939
2026-04-10 07:00:00,80.0,185.41234567189912,52.069304726714265,317.32851028240844
2026-04-10 07:00:00,93.33333333333334,174.75646373673248,49.07681594931689,299.09123957652287
2026-04-10 07:00:00,106.66666666666667,164.10058180156588,46.08432717191952,280.85396887063735
2026-04-10 07:00:00,120.0,153.44469986639925,43.09183839452214,262.61669816475177
2026-04-10 08:00:00,0.0,242.41428317884407,64.35485821006732,421.12662861111386
2026-04-10 08:00:00,13.333333333333334,232.0546984276114,61.604650594252476,403.1297641405534
2026-04-10 08:00:00,26.666666666666668,221.69511367637875,58.85444297843763,385.132899669993
2026-04-10 08:00:00,40.0,211.3355289251461,56.10423536262279,367.13603519943257
2026-04-10 08:00:00,53.333333333333336,200.9759441739135,53.35402774680795,349.1391707288722
2026-04-10 08:00:00,66.66666666666667,190.61635942268077,50.6038201309931,331.1423062583117
2026-04-10 08:00:00,80.0,180.25677467144817,47.85361251517826,313.14544178775134
2026-04-10 08:00:00,93.33333333333334,169.8971899202155,45.10340489936342,295.1485773171909
2026-04-10 08:00:00,106.66666666666667,159.53760516898285,42.353197283548575,277.1517128466305
2026-04-10 08:00:00,120.0,149.1780204177502,39.60298966773374,259.15484837607005
2026-04-10 09:00:00,0.0,235.40023423790177,64.93434148177712,401.0988292161551
2026-04-10 09:00:00,13.333333333333334,225.34039516790597,62.15936962358152,383.9578536086271
2026-04-10 09:00:00,26.666666666666668,215.28055609791016,59.38439776538592,366.8168780010991
2026-04-10 09:00:00,40.0,205.22071702791433,56.609425907190314,349.6759023935711
2026-04-10 09:00:00,53.333333333333336,195.1608779579186,53.83445404899472,332.5349267860432
2026-04-10 09:00:00,66.66666666666667,185.10103888792273,51.0594821907991,315.39395117851507
2026-04-10 09:00:00,80.0,175.04119981792698,48.28451033260351,298.25297557098713
2026-04-10 09:00:00,93.33333333333334,164.98136074793115,45.509538474407904,281.11199996345914
2026-04-10 09:00:00,106.66666666666667,154.92152167793535,42.7345666162123,263.97102435593115
2026-04-10 09:00:00,120.0,144.86168260793954,39.95959475801669,246.83004874840313
2026-04-10 10:00:00,0.0,228.31606879804116,54.1168584192253,383.948076670888
2026-04-10 10:00:00,13.333333333333334,218.5589718408599,51.804172161993456,367.5400392063201
2026-04-10 10:00:00,26.666666666666668,208.80187488367864,49.4914859047616,351.1320017417522
2026-04-10 10:00:00,40.0,199.0447779264974,47.17879964752975,334.72396427718434
2026-04-10 10:00:00,53.333333333333336,189.2876809693162,44.86611339029791,318.31592681261657
2026-04-10 10:00:00,66.66666666666667,179.5305840121349,42.553427133066045,301.9078893480486
2026-04-10 10:00:00,80.0,169.77348705495368,40.240740875834206,285.4998518834808
2026-04-10 10:00:00,93.33333333333334,160.01639009777244,37.92805461860235,269.091814418913
2026-04-10 10:00:00,106.66666666666667,150.25929314059118,35.6153683613705,252.6837769543451
2026-04-10 10:00:00,120.0,140.50219618340995,33.30268210413865,236.2757394897772
2026-04-10 11:00:00,0.0,221.17177349294377,43.075664324285846,396.7507277183616
2026-04-10 11:00:00,13.333333333333334,211.71998830093762,41.23482396854713,379.7955684141581
2026-04-10 11:00:00,26.666666666666668,202.26820310893146,39.39398361280842,362.8404091099546
2026-04-10 11:00:00,40.0,192.81641791692533,37.553143257069706,345.88524980575113
2026-04-10 11:00:00,53.333333333333336,183.3646327249192,35.712302901331,328.9300905015477
2026-04-10 11:00:00,66.66666666666667,173.91284753291302,33.87146254559229,311.9749311973441
2026-04-10 11:00:00,80.0,164.46106234090692,32.03062218985358,295.01977189314067
2026-04-10 11:00:00,93.33333333333334,155.00927714890076,30.189781834114868,278.0646125889372
2026-04-10 11:00:00,106.66666666666667,145.5574919568946,28.348941478376155,261.1094532847337
2026-04-10 11:00:00,120.0,136.10570676488848,26.50810112263744,244.1542939805302
2026-04-10 12:00:00,0.0,213.97676581983845,39.926529819556855,383.91584566191807
2026-04-10 12:00:00,13.333333333333334,204.8324595882214,38.220267861456136,367.5091855908959
2026-04-10 12:00:00,26.666666666666668,195.68815335660437,36.51400590335542,351.1025255198738
2026-04-10 12:00:00,40.0,186.54384712498737,34.80774394525469,334.69586544885163
2026-04-10 12:00:00,53.333333333333336,177.39954089337036,33.10148198715398,318.28920537782955
2026-04-10 12:00:00,66.66666666666667,168.2552346617533,31.395220029053252,301.88254530680734
2026-04-10 12:00:00,80.0,159.11092843013628,29.688958070952538,285.47588523578526
2026-04-10 12:00:00,93.33333333333334,149.96662219851927,27.982696112851816,269.0692251647631
2026-04-10 12:00:00,106.66666666666667,140.82231596690224,26.276434154751094,252.66256509374097
2026-04-10 12:00:00,120.0,131.6780097352852,24.570172196650375,236.25590502271882
2026-04-10 13:00:00,0.0,206.7399258228352,30.555817728531405,380.9227102757026
2026-04-10 13:00:00,13.333333333333334,197.90488625775677,29.250013552098437,364.6439619733222
2026-04-10 13:00:00,26.666666666666668,189.06984669267834,27.944209375665473,348.36521367094167
2026-04-10 13:00:00,40.0,180.2348071275999,26.638405199232505,332.0864653685612
2026-04-10 13:00:00,53.333333333333336,171.39976756252153,25.332601022799544,315.8077170661808
2026-04-10 13:00:00,66.66666666666667,162.56472799744304,24.026796846366572,299.5289687638003
2026-04-10 13:00:00,80.0,153.72968843236467,22.72099266993361,283.25022046141993
2026-04-10 13:00:00,93.33333333333334,144.89464886728624,21.415188493500644,266.9714721590395
2026-04-10 13:00:00,106.66666666666667,136.0596093022078,20.10938431706768,250.692723856659
2026-04-10 13:00:00,120.0,127.22456973712936,18.80358014063471,234.41397555427852
2026-04-10 14:00:00,0.0,199.46963617718987,22.986863188360513,378.0494313757648
2026-04-10 14:00:00,13.333333333333334,190.94529275081425,22.004518607661346,361.8934727699629
2026-04-10 14:00:00,26.666666666666668,182.4209493244386,21.02217402696218,345.7375141641609
2026-04-10 14:00:00,40.0,173.89660589806297,20.03982944626301,329.581555558359
2026-04-10 14:00:00,53.333333333333336,165.37226247168735,19.057484865563847,313.42559695255716
2026-04-10 14:00:00,66.66666666666667,156.84791904531167,18.075140284864673,297.2696383467552
2026-04-10 14:00:00,80.0,148.32357561893608,17.09279570416551,281.11367974095333
2026-04-10 14:00:00,93.33333333333334,139.79923219256042,16.110451123466344,264.9577211351514
2026-04-10 14:00:00,106.66666666666667,131.2748887661848,15.128106542767176,248.8017625293495
2026-04-10 14:00:00,120.0,122.75054533980915,14.145761962068008,232.64580392354756
2026-04-10 15:00:00,0.0,192.17382983993028,21.371799816038358,359.1502879171963
2026-04-10 15:00:00,13.333333333333334,183.96127300916402,20.45847503757518,343.801985014752
2026-04-10 15:00:00,26.666666666666668,175.74871617839776,19.545150259112003,328.4536821123077
2026-04-10 15:00:00,40.0,167.53615934763152,18.631825480648825,313.10537920986343
2026-04-10 15:00:00,53.333333333333336,159.3236025168653,17.71850070218565,297.7570763074192
2026-04-10 15:00:00,66.66666666666667,151.111045686099,16.80517592372247,282.40877340497485
2026-04-10 15:00:00,80.0,142.89848885533277,15.891851145259293,267.0604705025306
2026-04-10 15:00:00,93.33333333333334,134.68593202456654,14.978526366796116,251.7121676000863
2026-04-10 15:00:00,106.66666666666667,126.47337519380028,14.065201588332938,236.36386469764201
2026-04-10 15:00:00,120.0,118.26081836303402,13.15187680986976,221.01556179519773
2026-04-10 16:00:00,0.0,184.860044365173,9.755431853098525,362.5000320339366
2026-04-10 16:00:00,13.333333333333334,176.9600424692254,9.338533055957562,347.0085776735119
2026-04-10 16:00:00,26.666666666666668,169.06004057327786,8.9216342588166,331.51712331308727
2026-04-10 16:00:00,40.0,161.16003867733028,8.504735461675637,316.0256689526626
2026-04-10 16:00:00,53.333333333333336,153.26003678138275,8.087836664534676,300.534214592238
2026-04-10 16:00:00,66.66666666666667,145.36003488543517,7.670937867393711,285.04276023181336
2026-04-10 16:00:00,80.0,137.46003298948762,7.25403907025275,269.55130587138876
2026-04-10 16:00:00,93.33333333333334,129.56003109354006,6.837140273111787,254.0598515109641
2026-04-10 16:00:00,106.66666666666667,121.6600291975925,6.420241475970824,238.56839715053945
2026-04-10 16:00:00,120.0,113.76002730164493,6.003342678829862,223.0769427901148
2026-04-10 17:00:00,0.0,177.53548184725267,6.489638657342889,353.76207443748547
2026-04-10 17:00:00,13.333333333333334,169.9484954435239,6.212303671986355,338.64403706836214
2026-04-10 17:00:00,26.666666666666668,162.36150903979515,5.934968686629821,323.5259996992388
2026-04-10 17:00:00,40.0,154.77452263606642,5.657633701273287,308.4079623301155
2026-04-10 17:00:00,53.333333333333336,147.1875362323377,5.380298715916754,293.28992496099227
2026-04-10 17:00:00,66.66666666666667,139.6005498286089,5.102963730560219,278.1718875918689
2026-04-10 17:00:00,80.0,132.0135634248802,4.825628745203687,263.0538502227456
2026-04-10 17:00:00,93.33333333333334,124.42657702115145,4.548293759847153,247.9358128536223
2026-04-10 17:00:00,106.66666666666667,116.8395906174227,4.2709587744906194,232.81777548449898
2026-04-10 17:00:00,120.0,109.25260421369394,3.9936237891340856,217.69973811537568
2026-04-10 18:00:00,0.0,170.20707342989414,-3.0847828674965507,349.8407748879327
2026-04-10 18:00:00,13.333333333333334,162.93326687306106,-2.9529545398257575,334.89031442263644
2026-04-10 18:00:00,26.666666666666668,155.65946031622798,-2.8211262121549647,319.9398539573402
2026-04-10 18:00:00,40.0,148.3856537593949,-2.689297884484172,304.98939349204386
2026-04-10 18:00:00,53.333333333333336,141.11184720256182,-2.5574695568133796,290.03893302674766
2026-04-10 18:00:00,66.66666666666667,133.8380406457287,-2.4256412291425864,275.08847256145134
2026-04-10 18:00:00,80.0,126.56423408889566,-2.293812901471794,260.13801209615514
2026-04-10 18:00:00,93.33333333333334,119.29042753206257,-2.1619845738010013,245.18755163085885
2026-04-10 18:00:00,106.66666666666667,112.01662097522949,-2.0301562461302085,230.23709116556256
2026-04-10 18:00:00,120.0,104.74281441839639,-1.8983279184594157,215.2866307002663
2026-04-10 19:00:00,0.0,162.8815472514509,-1.9637606565028842,336.11326326403133
2026-04-10 19:00:00,13.333333333333334,155.92079736891029,-1.8798392609258379,321.7494485946283
2026-04-10 19:00:00,26.666666666666668,148.96004748636963,-1.7959178653487915,307.3856339252252
2026-04-10 19:00:00,40.0,141.999297603829,-1.7119964697717451,293.02181925582215
2026-04-10 19:00:00,53.333333333333336,135.03854772128838,-1.628075074194699,278.65800458641917
2026-04-10 19:00:00,66.66666666666667,128.07779783874773,-1.5441536786176524,264.29418991701607
2026-04-10 19:00:00,80.0,121.1170479562071,-1.4602322830406063,249.93037524761306
2026-04-10 19:00:00,93.33333333333334,114.15629807366646,-1.37631088746356,235.56656057821
2026-04-10 19:00:00,106.66666666666667,107.19554819112582,-1.2923894918865135,221.20274590880695
2026-04-10 19:00:00,120.0,100.23479830858518,-1.2084680963094672,206.8389312394039
2026-04-10 20:00:00,0.0,155.56549862764453,-23.434325791819322,340.63341955763383
2026-04-10 20:00:00,13.333333333333334,148.9174003956939,-22.43285887763901,326.0764358158546
2026-04-10 20:00:00,26.666666666666668,142.26930216374328,-21.431391963458697,311.5194520740754
2026-04-10 20:00:00,40.0,135.62120393179265,-20.429925049278385,296.96246833229617
2026-04-10 20:00:00,53.333333333333336,128.97310569984205,-19.428458135098072,282.40548459051695
2026-04-10 20:00:00,66.66666666666667,122.32500746789141,-18.426991220917756,267.8485008487377
2026-04-10 20:00:00,80.0,115.67690923594081,-17.425524306737447,253.2915171069585
2026-04-10 20:00:00,93.33333333333334,109.02881100399019,-16.424057392557135,238.7345333651793
2026-04-10 20:00:00,106.66666666666667,102.38071277203956,-15.42259047837682,224.17754962340007
2026-04-10 20:00:00,120.0,95.73261454008895,-14.421123564196506,209.62056588162082
2026-04-10 21:00:00,0.0,148.2654612851634,-31.12840799625138,322.9141844970642
2026-04-10 21:00:00,13.333333333333334,141.92933046101112,-29.79813415025773,309.11443302283067
2026-04-10 21:00:00,26.666666666666668,135.59319963685886,-28.467860304264082,295.31468154859715
2026-04-10 21:00:00,40.0,129.25706881270656,-27.137586458270434,281.51493007436363
2026-04-10 21:00:00,53.333333333333336,122.9209379885543,-25.80731261227679,267.7151786001302
2026-04-10 21:00:00,66.66666666666667,116.584807164402,-24.477038766283133,253.9154271258966
2026-04-10 21:00:00,80.0,110.24867634024973,-23.146764920289492,240.11567565166314
2026-04-10 21:00:00,93.33333333333334,103.91254551609744,-21.81649107429584,226.31592417742962
2026-04-10 21:00:00,106.66666666666667,97.57641469194516,-20.48621722830219,212.5161727031961
2026-04-10 21:00:00,120.0,91.24028386779287,-19.155943382308543,198.7164212289626
2026-04-10 22:00:00,0.0,140.98797843553234,-29.39381307614071,320.52692147472385
2026-04-10 22:00:00,13.333333333333334,134.96285115196258,-28.137667218185978,306.82918978776985
2026-04-10 22:00:00,26.666666666666668,128.93772386839282,-26.881521360231247,293.1314581008158
2026-04-10 22:00:00,40.0,122.91259658482305,-25.625375502276516,279.4337264138618
2026-04-10 22:00:00,53.333333333333336,116.88746930125332,-24.369229644321788,265.73599472690785
2026-04-10 22:00:00,66.66666666666667,110.86234201768353,-23.11308378636705,252.03826303995376
2026-04-10 22:00:00,80.0,104.8372147341138,-21.856937928412325,238.3405313529998
2026-04-10 22:00:00,93.33333333333334,98.81208745054403,-20.600792070457594,224.6427996660458
2026-04-10 22:00:00,106.66666666666667,92.78696016697427,-19.344646212502862,210.94506797909176
2026-04-10 22:00:00,120.0,86.76183288340451,-18.088500354548128,197.24733629213776
2026-04-10 23:00:00,0.0,133.73967247677135,-53.268988255768235,326.28526287845705
2026-04-10 23:00:00,13.333333333333334,128.0243018581059,-50.99253576620549,312.34144822553156
2026-04-10 23:00:00,26.666666666666668,122.30893123944045,-48.71608327664275,298.397633572606
2026-04-10 23:00:00,40.0,116.59356062077502,-46.43963078708,284.4538189196805
2026-04-10 23:00:00,53.333333333333336,110.87819000210959,-44.16317829751726,270.51000426675506
2026-04-10 23:00:00,66.66666666666667,105.16281938344413,-41.886725807954505,256.56618961382947
2026-04-10 23:00:00,80.0,99.4474487647787,-39.61027331839177,242.622374960904
2026-04-10 23:00:00,93.33333333333334,93.73207814611327,-37.333820828829026,228.67856030797847
2026-04-10 23:00:00,106.66666666666667,88.01670752744782,-35.057368339266276,214.73474565505296
2026-04-10 23:00:00,120.0,82.30133690878237,-32.78091584970353,200.79093100212742
