timestamp,water_level_cm,lower_bound_cm,upper_bound_cm,precipitation_mm,temperature_c
2026-04-08 00:00:00,511.59097251407167,367.93420578557067,634.3262550934784,2.2745575442265293,8.049212246562892
2026-04-08 01:00:00,518.3208434758012,383.2324655821424,658.4529344877824,2.2745575442265293,8.049212246562892
2026-04-08 02:00:00,524.9717491711754,395.6487430297118,664.8057225221587,2.2745575442265293,8.049212246562892
2026-04-08 03:00:00,531.5331907076526,403.86562278728326,660.3453696911098,2.2745575442265293,8.049212246562892
2026-04-08 04:00:00,537.9940358515674,393.0756582634181,667.9923747935865,2.2745575442265293,8.049212246562892
2026-04-08 05:00:00,544.3425897455088,401.59215015607015,684.6129514642207,2.2745575442265293,8.049212246562892
2026-04-08 06:00:00,550.5666731218047,416.5937173090684,687.318963455943,2.2745575442265293,8.049212246562892
2026-04-08 07:00:00,556.6537071838036,405.27884553717166,691.2975438881537,2.2745575442265293,8.049212246562892
2026-04-08 08:00:00,562.5908042923928,428.57816991699434,714.0538173474175,2.2745575442265293,8.049212246562892
2026-04-08 09:00:00,568.3648634912263,435.223174786751,694.8453090664325,2.2745575442265293,8.049212246562892
2026-04-08 10:00:00,573.9626698508914,437.5364785379417,718.4213533820706,2.2745575442265293,8.049212246562892
2026-04-08 11:00:00,579.3709965921937,445.7502536045477,709.0457952461746,2.2745575442265293,8.049212246562892
2026-04-08 12:00:00,584.5767088747829,460.52590656531186,724.7898860880596,2.2745575442265293,8.049212246562892
2026-04-08 13:00:00,589.566868156747,450.9271362566196,721.819320334966,2.2745575442265293,8.049212246562892
2026-04-08 14:00:00,594.328835992256,457.5056852108963,725.7591849434422,2.2745575442265293,8.049212246562892
2026-04-08 15:00:00,598.8503761676812,455.08521212330237,735.3983537359248,2.2745575442265293,8.049212246562892
2026-04-08 16:00:00,603.1197540726715,468.28395787900166,740.4799869723372,2.2745575442265293,8.049212246562892
2026-04-08 17:00:00,607.125832254278,478.3411263073875,743.1744085318843,2.2745575442265293,8.049212246562892
2026-04-08 18:00:00,610.8581611360403,476.4519323371164,737.8383675894247,2.2745575442265293,8.049212246562892
2026-04-08 19:00:00,614.3070639480452,474.2879977808452,756.8410928972576,2.2745575442265293,8.049212246562892
2026-04-08 20:00:00,617.4637149749625,488.79223340734023,754.3570788160057,2.2745575442265293,8.049212246562892
2026-04-08 21:00:00,620.3202103217835,489.0185809217108,756.5080144399678,2.2745575442265293,8.049212246562892
2026-04-08 22:00:00,622.8696304685226,488.6720932911345,755.027306442218,2.2745575442265293,8.049212246562892
2026-04-08 23:00:00,625.1060939940064,495.8943838382616,756.7264361942176,2.2745575442265293,8.049212246562892
2026-04-09 00:00:00,447.94314937649915,314.628990704079,585.9885821804024,2.308617641328562,8.212696616923644
2026-04-09 01:00:00,449.540419918001,328.1464856566313,589.1630124599299,2.308617641328562,8.212696616923644
2026-04-09 02:00:00,450.8137128427988,313.82587226110024,584.2026744676749,2.308617641328562,8.212696616923644
2026-04-09 03:00:00,451.76164393807716,310.3342070316891,581.0955585586771,2.308617641328562,8.212696616923644
2026-04-09 04:00:00,452.38398901939894,324.0479835553684,587.6931055310388,2.308617641328562,8.212696616923644
2026-04-09 05:00:00,452.6816777454525,307.5243757763588,590.3738443996168,2.308617641328562,8.212696616923644
2026-04-09 06:00:00,452.6567773810499,319.94381394110627,585.7082942167245,2.308617641328562,8.212696616923644
2026-04-09 07:00:00,452.312466808527,312.9156725245059,579.2608671857461,2.308617641328562,8.212696616923644
2026-04-09 08:00:00,451.6530011866705,310.95345661246705,594.3580061048946,2.308617641328562,8.212696616923644
2026-04-09 09:00:00,450.68366777279556,314.08282999747513,595.2931335715514,2.308617641328562,8.212696616923644
2026-04-09 10:00:00,449.41073351354953,317.3733274461509,575.4765012873833,2.308617641328562,8.212696616923644
2026-04-09 11:00:00,447.8413851072529,307.694743118261,588.6807891932971,2.308617641328562,8.212696616923644
2026-04-09 12:00:00,445.98366231803715,317.9126807909921,584.3983079082649,2.308617641328562,8.212696616923644
2026-04-09 13:00:00,443.84638539786073,302.33180013554284,579.9286972176702,2.308617641328562,8.212696616923644
2026-04-09 14:00:00,441.43907752608493,300.89397281532143,578.8225969831826,2.308617641328562,8.212696616923644
2026-04-09 15:00:00,438.77188323137847,305.268169656126,575.5632709305621,2.308617641328562,8.212696616923644
2026-04-09 16:00:00,435.8554838012629,297.44913109279145,563.0323462405213,2.308617641328562,8.212696616923644
2026-04-09 17:00:00,432.70101069414494,293.43971341026804,562.344408956862,2.308617641328562,8.212696616923644
2026-04-09 18:00:00,429.31995799405286,297.3634357445849,558.5358577188331,2.308617641328562,8.212696616923644
2026-04-09 19:00:00,425.7240949460204,288.32613745565675,568.8632041500732,2.308617641328562,8.212696616923644
2026-04-09 20:00:00,421.9253795846948,290.89311434061744,563.1349110844549,2.308617641328562,8.212696616923644
2026-04-09 21:00:00,417.9358744498254,283.6144170979914,549.7938617620157,2.308617641328562,8.212696616923644
2026-04-09 22:00:00,413.76766534983113,282.04338232308936,553.0425921222727,2.308617641328562,8.212696616923644
2026-04-09 23:00:00,409.4327840658458,268.5716208502632,552.9909171619443,2.308617641328562,8.212696616923644
2026-04-10 00:00:00,226.62128987194075,88.09490689893121,356.44978033799737,2.342586288362955,8.375228995941132
2026-04-10 01:00:00,221.98858644975647,82.26089667675821,355.84839421964216,2.342586288362955,8.375228995941132
2026-04-10 02:00:00,217.22428536648934,78.69801680315783,347.0013009461975,2.342586288362955,8.375228995941132
2026-04-10 03:00:00,212.33953606417106,66.55280268943379,346.3368840034622,2.342586288362955,8.375228995941132
2026-04-10 04:00:00,207.3451333516229,77.91447206526307,338.16859681790584,2.342586288362955,8.375228995941132
2026-04-10 05:00:00,202.251478599868,61.70007592275266,335.7702239960832,2.342586288362955,8.375228995941132
2026-04-10 06:00:00,197.06854896678396,53.40159775961632,322.62030324031576,2.342586288362955,8.375228995941132
2026-04-10 07:00:00,191.80587483299905,53.86479799315268,328.2708727059397,2.342586288362955,8.375228995941132
2026-04-10 08:00:00,186.47252552218774,49.503737084667165,323.94356047008756,2.342586288362955,8.375228995941132
2026-04-10 09:00:00,181.07710325992443,49.949493447520865,308.5375609355039,2.342586288362955,8.375228995941132
2026-04-10 10:00:00,175.62774522926242,41.62835263017331,295.3446743622215,2.342586288362955,8.375228995941132
2026-04-10 11:00:00,170.13213345611058,33.1351264032968,305.19286747566275,2.342586288362955,8.375228995941132
2026-04-10 12:00:00,164.5975121691065,30.712715245812966,295.3198812783985,2.342586288362955,8.375228995941132
2026-04-10 13:00:00,159.0307121714117,23.504475175793388,293.01746944284815,2.342586288362955,8.375228995941132
2026-04-10 14:00:00,153.43818167476144,17.68220245258501,290.80725490443444,2.342586288362955,8.375228995941132
2026-04-10 15:00:00,147.82602295379252,16.4398460123372,276.26945224399714,2.342586288362955,8.375228995941132
2026-04-10 16:00:00,142.20003412705614,7.504178348537327,278.8461784876435,2.342586288362955,8.375228995941132
2026-04-10 17:00:00,136.56575526711742,4.9920297364176065,272.1246726442196,2.342586288362955,8.375228995941132
2026-04-10 18:00:00,130.9285180229955,-2.3729098980742696,269.10828837533285,2.342586288362955,8.375228995941132
2026-04-10 19:00:00,125.29349788573147,-1.510585120386834,258.54866404925485,2.342586288362955,8.375228995941132
2026-04-10 20:00:00,119.66576817511117,-18.026404455245633,262.025707352026,2.342586288362955,8.375228995941132
2026-04-10 21:00:00,114.05035483474109,-23.944929227885677,248.39552653620322,2.342586288362955,8.375228995941132
2026-04-10 22:00:00,108.45229110425564,-22.61062544318516,246.55917036517218,2.342586288362955,8.375228995941132
2026-04-10 23:00:00,102.87667113597796,-40.97614481212941,250.98866375265928,2.342586288362955,8.375228995941132
